"ingestion_system","shop_count","total_offers","date"
"Legacy Agent","4136","62004765","2023-06-01"
"Legacy Scraper","5800","16399262","2023-06-01"
"Feed Ingestion System (FIS)","1659","143095843","2023-06-01"
"Legacy Monza Agent","2","11454991","2023-06-01"
"Legacy Agent","4135","62823478","2023-06-02"
"Legacy Scraper","5800","16521676","2023-06-02"
"Feed Ingestion System (FIS)","1660","143542777","2023-06-02"
"Legacy Monza Agent","2","11526779","2023-06-02"
"Legacy Agent","4133","61820112","2023-06-03"
"Legacy Scraper","5800","16707408","2023-06-03"
"Feed Ingestion System (FIS)","1661","144448411","2023-06-03"
"Legacy Monza Agent","2","11552921","2023-06-03"
"Legacy Agent","4133","62495659","2023-06-04"
"Legacy Scraper","5800","16656415","2023-06-04"
"Feed Ingestion System (FIS)","1661","144971858","2023-06-04"
"Legacy Monza Agent","2","11718704","2023-06-04"
"Legacy Agent","4133","61601721","2023-06-05"
"Legacy Scraper","5800","16610076","2023-06-05"
"Feed Ingestion System (FIS)","1661","146592711","2023-06-05"
"Legacy Monza Agent","2","11784386","2023-06-05"
"Legacy Agent","4133","62448253","2023-06-06"
"Legacy Scraper","5800","16738421","2023-06-06"
"Feed Ingestion System (FIS)","1660","147614889","2023-06-06"
"Legacy Monza Agent","2","10650408","2023-06-06"
"Legacy Agent","4127","63183044","2023-06-07"
"Legacy Scraper","5796","16858199","2023-06-07"
"Feed Ingestion System (FIS)","1660","140571879","2023-06-07"
"Legacy Monza Agent","2","10856261","2023-06-07"
"Legacy Agent","4124","63003657","2023-06-08"
"Legacy Scraper","5796","16717903","2023-06-08"
"Feed Ingestion System (FIS)","1662","142236351","2023-06-08"
"Legacy Monza Agent","2","11031945","2023-06-08"
"Legacy Agent","4125","62843639","2023-06-09"
"Legacy Scraper","5793","16773958","2023-06-09"
"Feed Ingestion System (FIS)","1665","142542528","2023-06-09"
"Legacy Monza Agent","2","11141516","2023-06-09"
"Legacy Agent","4126","63469785","2023-06-10"
"Legacy Scraper","5792","16830812","2023-06-10"
"Feed Ingestion System (FIS)","1665","144688680","2023-06-10"
"Legacy Monza Agent","2","11181644","2023-06-10"
"Legacy Agent","4126","61305556","2023-06-11"
"Legacy Scraper","5792","17076661","2023-06-11"
"Feed Ingestion System (FIS)","1665","146878512","2023-06-11"
"Legacy Monza Agent","2","11266422","2023-06-11"
"Legacy Agent","4126","63830517","2023-06-12"
"Legacy Scraper","5792","17424889","2023-06-12"
"Feed Ingestion System (FIS)","1665","149641564","2023-06-12"
"Legacy Monza Agent","2","11323882","2023-06-12"
"Legacy Agent","4120","64161594","2023-06-13"
"Legacy Scraper","5792","17484370","2023-06-13"
"Feed Ingestion System (FIS)","1667","152079780","2023-06-13"
"Legacy Monza Agent","2","11203734","2023-06-13"
"Legacy Agent","4120","64341547","2023-06-14"
"Legacy Scraper","5790","17840314","2023-06-14"
"Feed Ingestion System (FIS)","1668","147471832","2023-06-14"
"Legacy Monza Agent","2","11297912","2023-06-14"
"Legacy Agent","4121","64511148","2023-06-15"
"Legacy Scraper","5790","17951976","2023-06-15"
"Feed Ingestion System (FIS)","1668","147705850","2023-06-15"
"Legacy Monza Agent","2","11359259","2023-06-15"
"Legacy Agent","4118","65243631","2023-06-16"
"Legacy Scraper","5789","18161899","2023-06-16"
"Feed Ingestion System (FIS)","1670","149781824","2023-06-16"
"Legacy Monza Agent","2","11449395","2023-06-16"
"Legacy Agent","4122","64097708","2023-06-17"
"Legacy Scraper","5786","18510956","2023-06-17"
"Feed Ingestion System (FIS)","1670","154201979","2023-06-17"
"Legacy Monza Agent","2","11521006","2023-06-17"
"Legacy Agent","4122","64615123","2023-06-18"
"Legacy Scraper","5786","18425998","2023-06-18"
"Feed Ingestion System (FIS)","1670","160535118","2023-06-18"
"Legacy Monza Agent","2","11589825","2023-06-18"
"Legacy Agent","4122","65114496","2023-06-19"
"Legacy Scraper","5786","18435962","2023-06-19"
"Feed Ingestion System (FIS)","1670","162105039","2023-06-19"
"Legacy Monza Agent","2","11662438","2023-06-19"
"Legacy Agent","4120","65203635","2023-06-20"
"Legacy Scraper","5785","18251950","2023-06-20"
"Feed Ingestion System (FIS)","1673","164254669","2023-06-20"
"Legacy Monza Agent","2","10605842","2023-06-20"
"Legacy Agent","4116","65926079","2023-06-21"
"Legacy Scraper","5785","18492751","2023-06-21"
"Feed Ingestion System (FIS)","1676","155991231","2023-06-21"
"Legacy Monza Agent","2","10679907","2023-06-21"
"Legacy Agent","4115","65207643","2023-06-22"
"Legacy Scraper","5784","18609638","2023-06-22"
"Feed Ingestion System (FIS)","1678","158789482","2023-06-22"
"Legacy Monza Agent","2","10741844","2023-06-22"
"Legacy Agent","4108","65405338","2023-06-23"
"Legacy Scraper","5782","18420397","2023-06-23"
"Feed Ingestion System (FIS)","1677","158945507","2023-06-23"
"Legacy Monza Agent","2","10756998","2023-06-23"
"Legacy Agent","4108","65436867","2023-06-24"
"Legacy Scraper","5782","18648295","2023-06-24"
"Feed Ingestion System (FIS)","1677","160058290","2023-06-24"
"Legacy Monza Agent","2","10747325","2023-06-24"
"Legacy Agent","4108","65594581","2023-06-25"
"Legacy Scraper","5782","18598059","2023-06-25"
"Feed Ingestion System (FIS)","1677","163486708","2023-06-25"
"Legacy Monza Agent","2","10744078","2023-06-25"
"Legacy Agent","4108","65599876","2023-06-26"
"Legacy Scraper","5779","18257019","2023-06-26"
"Feed Ingestion System (FIS)","1697","164309663","2023-06-26"
"Legacy Monza Agent","2","10744531","2023-06-26"
"Legacy Agent","4108","65607358","2023-06-27"
"Legacy Scraper","5779","18526774","2023-06-27"
"Feed Ingestion System (FIS)","1672","159068625","2023-06-27"
"Legacy Monza Agent","2","10755364","2023-06-27"
"Search Engine Scraper","8","20766","2023-06-27"
"Legacy Agent","4101","66133464","2023-06-28"
"Legacy Scraper","5776","18373535","2023-06-28"
"Feed Ingestion System (FIS)","1699","163290021","2023-06-28"
"Legacy Monza Agent","2","11318792","2023-06-28"
"Legacy Agent","4100","64907541","2023-06-29"
"Legacy Scraper","5776","18409348","2023-06-29"
"Feed Ingestion System (FIS)","1681","156669975","2023-06-29"
"Search Engine Scraper","18","18670","2023-06-29"
"Legacy Monza Agent","2","11374980","2023-06-29"
"Legacy Agent","4095","65040216","2023-06-30"
"Legacy Scraper","5773","18652114","2023-06-30"
"Feed Ingestion System (FIS)","1683","158004369","2023-06-30"
"Search Engine Scraper","18","18756","2023-06-30"
"Legacy Monza Agent","2","11407201","2023-06-30"
"Legacy Agent","4094","65419925","2023-07-01"
"Legacy Scraper","5771","18296046","2023-07-01"
"Feed Ingestion System (FIS)","1686","161260756","2023-07-01"
"Search Engine Scraper","20","18886","2023-07-01"
"Legacy Monza Agent","2","11420413","2023-07-01"
"Legacy Agent","4094","65022091","2023-07-02"
"Legacy Scraper","5771","18545184","2023-07-02"
"Feed Ingestion System (FIS)","1686","162995884","2023-07-02"
"Search Engine Scraper","20","18889","2023-07-02"
"Legacy Monza Agent","2","11448593","2023-07-02"
"Legacy Agent","4094","65540922","2023-07-03"
"Legacy Scraper","5771","18416061","2023-07-03"
"Feed Ingestion System (FIS)","1686","164888941","2023-07-03"
"Search Engine Scraper","20","18805","2023-07-03"
"Legacy Monza Agent","2","11470622","2023-07-03"
"Legacy Agent","4095","65382130","2023-07-04"
"Legacy Scraper","5771","18551321","2023-07-04"
"Feed Ingestion System (FIS)","1686","165786109","2023-07-04"
"Search Engine Scraper","21","18703","2023-07-04"
"Legacy Monza Agent","2","8899834","2023-07-04"
"Legacy Agent","4098","65896657","2023-07-05"
"Legacy Scraper","5768","18409720","2023-07-05"
"Feed Ingestion System (FIS)","1682","163278885","2023-07-05"
"Search Engine Scraper","23","18745","2023-07-05"
"Legacy Monza Agent","2","8921844","2023-07-05"
"Legacy Agent","4094","63011393","2023-07-06"
"Legacy Scraper","5768","18507319","2023-07-06"
"Feed Ingestion System (FIS)","1686","159691275","2023-07-06"
"Search Engine Scraper","23","18760","2023-07-06"
"Legacy Monza Agent","2","8946961","2023-07-06"
"Legacy Agent","4092","62676546","2023-07-07"
"Legacy Scraper","5768","18125258","2023-07-07"
"Feed Ingestion System (FIS)","1687","160611901","2023-07-07"
"Search Engine Scraper","23","12097","2023-07-07"
"Legacy Monza Agent","2","8994548","2023-07-07"
"Legacy Agent","4091","62358196","2023-07-08"
"Legacy Scraper","5767","17752268","2023-07-08"
"Feed Ingestion System (FIS)","1687","163085285","2023-07-08"
"Search Engine Scraper","23","12123","2023-07-08"
"Legacy Monza Agent","2","9045344","2023-07-08"
"Legacy Agent","4091","62951827","2023-07-09"
"Legacy Scraper","5767","17921381","2023-07-09"
"Feed Ingestion System (FIS)","1687","165442901","2023-07-09"
"Search Engine Scraper","23","12125","2023-07-09"
"Legacy Monza Agent","2","9060790","2023-07-09"
"Legacy Agent","4091","62689695","2023-07-10"
"Legacy Scraper","5767","17781231","2023-07-10"
"Feed Ingestion System (FIS)","1687","166954598","2023-07-10"
"Search Engine Scraper","23","12093","2023-07-10"
"Legacy Monza Agent","2","9070683","2023-07-10"
"Legacy Agent","4090","62752850","2023-07-11"
"Legacy Scraper","5766","17852940","2023-07-11"
"Feed Ingestion System (FIS)","1686","165309744","2023-07-11"
"Search Engine Scraper","23","12085","2023-07-11"
"Legacy Monza Agent","2","8577793","2023-07-11"
"Legacy Agent","4088","62318830","2023-07-12"
"Legacy Scraper","5766","17468100","2023-07-12"
"Feed Ingestion System (FIS)","1688","151956017","2023-07-12"
"Search Engine Scraper","23","12070","2023-07-12"
"Legacy Monza Agent","2","8583609","2023-07-12"
"Legacy Agent","4080","62293643","2023-07-13"
"Legacy Scraper","5766","17746046","2023-07-13"
"Feed Ingestion System (FIS)","1696","151926950","2023-07-13"
"Search Engine Scraper","23","12038","2023-07-13"
"Legacy Monza Agent","2","8626015","2023-07-13"
"Legacy Agent","4079","62478856","2023-07-14"
"Legacy Scraper","5763","17706671","2023-07-14"
"Feed Ingestion System (FIS)","1695","152501381","2023-07-14"
"Search Engine Scraper","23","12097","2023-07-14"
"Legacy Monza Agent","2","8589702","2023-07-14"
"Legacy Agent","4061","62299513","2023-07-15"
"Legacy Scraper","5763","17565292","2023-07-15"
"Feed Ingestion System (FIS)","1713","156206543","2023-07-15"
"Search Engine Scraper","23","12121","2023-07-15"
"Legacy Monza Agent","2","8594810","2023-07-15"
"Legacy Agent","4061","62557443","2023-07-16"
"Legacy Scraper","5763","17506968","2023-07-16"
"Feed Ingestion System (FIS)","1713","159010495","2023-07-16"
"Search Engine Scraper","23","12119","2023-07-16"
"Legacy Monza Agent","2","8625092","2023-07-16"
"Legacy Agent","4061","62009252","2023-07-17"
"Legacy Scraper","5763","17594910","2023-07-17"
"Feed Ingestion System (FIS)","1713","160596588","2023-07-17"
"Search Engine Scraper","23","12112","2023-07-17"
"Legacy Monza Agent","2","8642998","2023-07-17"
"Legacy Agent","4043","61792566","2023-07-18"
"Legacy Scraper","5763","17735101","2023-07-18"
"Feed Ingestion System (FIS)","1728","158213392","2023-07-18"
"Search Engine Scraper","23","12110","2023-07-18"
"Legacy Monza Agent","2","8183019","2023-07-18"
"Legacy Agent","4037","61580844","2023-07-19"
"Legacy Scraper","5762","17554132","2023-07-19"
"Feed Ingestion System (FIS)","1736","145680773","2023-07-19"
"Search Engine Scraper","23","12096","2023-07-19"
"Legacy Monza Agent","2","8193881","2023-07-19"
"Legacy Agent","4026","61594563","2023-07-20"
"Legacy Scraper","5757","17322248","2023-07-20"
"Feed Ingestion System (FIS)","1752","150318717","2023-07-20"
"Search Engine Scraper","23","12080","2023-07-20"
"Legacy Monza Agent","2","8192762","2023-07-20"
"Legacy Agent","4008","61929589","2023-07-21"
"Legacy Scraper","5755","17411217","2023-07-21"
"Feed Ingestion System (FIS)","1773","149897284","2023-07-21"
"Search Engine Scraper","23","12055","2023-07-21"
"Legacy Monza Agent","2","8210065","2023-07-21"
"Legacy Agent","4000","61525325","2023-07-22"
"Legacy Scraper","5754","17415497","2023-07-22"
"Feed Ingestion System (FIS)","1781","151930034","2023-07-22"
"Search Engine Scraper","23","12021","2023-07-22"
"Legacy Monza Agent","2","8200015","2023-07-22"
"Legacy Agent","4000","61423093","2023-07-23"
"Legacy Scraper","5754","17347513","2023-07-23"
"Feed Ingestion System (FIS)","1781","155593891","2023-07-23"
"Search Engine Scraper","23","12004","2023-07-23"
"Legacy Monza Agent","2","8229477","2023-07-23"
"Legacy Agent","4000","61552629","2023-07-24"
"Legacy Scraper","5754","17370016","2023-07-24"
"Feed Ingestion System (FIS)","1781","157374535","2023-07-24"
"Search Engine Scraper","23","11994","2023-07-24"
"Legacy Monza Agent","2","8321223","2023-07-24"
"Legacy Agent","3981","61162533","2023-07-25"
"Legacy Scraper","5755","17325476","2023-07-25"
"Feed Ingestion System (FIS)","1791","159123512","2023-07-25"
"Search Engine Scraper","23","11990","2023-07-25"
"Legacy Monza Agent","2","8205524","2023-07-25"
"Legacy Agent","3982","60848354","2023-07-26"
"Legacy Scraper","5755","17111538","2023-07-26"
"Feed Ingestion System (FIS)","1791","155275459","2023-07-26"
"Search Engine Scraper","23","12027","2023-07-26"
"Legacy Monza Agent","2","8221997","2023-07-26"
"Legacy Agent","3979","61204882","2023-07-27"
"Legacy Scraper","5754","17036604","2023-07-27"
"Feed Ingestion System (FIS)","1791","151180668","2023-07-27"
"Search Engine Scraper","23","11997","2023-07-27"
"Legacy Monza Agent","2","8246122","2023-07-27"
"Legacy Agent","3976","60656381","2023-07-28"
"Legacy Scraper","5754","17088983","2023-07-28"
"Feed Ingestion System (FIS)","1794","151285591","2023-07-28"
"Search Engine Scraper","23","12029","2023-07-28"
"Legacy Monza Agent","2","8266730","2023-07-28"
"Legacy Agent","3976","61092534","2023-07-29"
"Legacy Scraper","5753","17354241","2023-07-29"
"Feed Ingestion System (FIS)","1794","155500975","2023-07-29"
"Search Engine Scraper","23","12019","2023-07-29"
"Legacy Monza Agent","2","8265967","2023-07-29"
"Legacy Agent","3976","60159664","2023-07-30"
"Legacy Scraper","5753","17274277","2023-07-30"
"Feed Ingestion System (FIS)","1794","157067236","2023-07-30"
"Search Engine Scraper","23","12015","2023-07-30"
"Legacy Monza Agent","2","8305094","2023-07-30"
"Legacy Agent","3976","61340281","2023-07-31"
"Legacy Scraper","5753","17229675","2023-07-31"
"Feed Ingestion System (FIS)","1794","158954916","2023-07-31"
"Search Engine Scraper","23","12004","2023-07-31"
"Legacy Monza Agent","2","8324042","2023-07-31"
"Legacy Agent","3975","60838702","2023-08-01"
"Legacy Scraper","5754","17464247","2023-08-01"
"Feed Ingestion System (FIS)","1794","160124417","2023-08-01"
"Search Engine Scraper","23","11994","2023-08-01"
"Legacy Monza Agent","2","8013804","2023-08-01"
"Legacy Agent","3971","61185941","2023-08-02"
"Legacy Scraper","5752","17441260","2023-08-02"
"Feed Ingestion System (FIS)","1798","155463426","2023-08-02"
"Search Engine Scraper","23","11949","2023-08-02"
"Legacy Monza Agent","2","8048952","2023-08-02"
"Legacy Agent","3969","58924266","2023-08-03"
"Legacy Scraper","5748","17304102","2023-08-03"
"Feed Ingestion System (FIS)","1799","153471323","2023-08-03"
"Search Engine Scraper","23","11916","2023-08-03"
"Legacy Monza Agent","2","8091057","2023-08-03"
"Legacy Agent","3968","60621401","2023-08-04"
"Legacy Scraper","5749","17408970","2023-08-04"
"Feed Ingestion System (FIS)","1800","153038096","2023-08-04"
"Search Engine Scraper","23","11922","2023-08-04"
"Legacy Monza Agent","2","8127541","2023-08-04"
"Legacy Agent","3965","59312742","2023-08-05"
"Legacy Scraper","5749","17449345","2023-08-05"
"Feed Ingestion System (FIS)","1803","155997265","2023-08-05"
"Search Engine Scraper","23","11893","2023-08-05"
"Legacy Monza Agent","2","8111677","2023-08-05"
"Legacy Agent","3965","59180270","2023-08-06"
"Legacy Scraper","5749","17514504","2023-08-06"
"Feed Ingestion System (FIS)","1803","157430193","2023-08-06"
"Search Engine Scraper","23","11886","2023-08-06"
"Legacy Monza Agent","2","8144903","2023-08-06"
"Legacy Agent","3965","59111068","2023-08-07"
"Legacy Scraper","5749","17473221","2023-08-07"
"Feed Ingestion System (FIS)","1803","158969476","2023-08-07"
"Search Engine Scraper","23","11857","2023-08-07"
"Legacy Monza Agent","2","8137294","2023-08-07"
"Legacy Agent","3961","58792351","2023-08-08"
"Legacy Scraper","5750","17745290","2023-08-08"
"Feed Ingestion System (FIS)","1806","156251506","2023-08-08"
"Search Engine Scraper","23","11803","2023-08-08"
"Legacy Monza Agent","2","6885316","2023-08-08"
"Legacy Agent","3959","59024213","2023-08-09"
"Legacy Scraper","5751","17449801","2023-08-09"
"Feed Ingestion System (FIS)","1807","146813989","2023-08-09"
"Search Engine Scraper","23","11845","2023-08-09"
"Legacy Monza Agent","2","6936213","2023-08-09"
"Legacy Agent","3959","57656610","2023-08-10"
"Legacy Scraper","5751","17581637","2023-08-10"
"Feed Ingestion System (FIS)","1807","149165241","2023-08-10"
"Search Engine Scraper","23","11803","2023-08-10"
"Legacy Monza Agent","2","6980665","2023-08-10"
"Legacy Agent","3959","58672975","2023-08-11"
"Legacy Scraper","5750","17467886","2023-08-11"
"Feed Ingestion System (FIS)","1808","149888759","2023-08-11"
"Search Engine Scraper","23","11824","2023-08-11"
"Legacy Monza Agent","2","7030987","2023-08-11"
"Legacy Agent","3954","58590335","2023-08-12"
"Legacy Scraper","5751","17495679","2023-08-12"
"Feed Ingestion System (FIS)","1812","152952957","2023-08-12"
"Search Engine Scraper","23","11827","2023-08-12"
"Legacy Monza Agent","2","7093302","2023-08-12"
"Legacy Agent","3954","58845100","2023-08-13"
"Legacy Scraper","5751","17357355","2023-08-13"
"Feed Ingestion System (FIS)","1812","154586151","2023-08-13"
"Search Engine Scraper","23","11811","2023-08-13"
"Legacy Monza Agent","2","7131682","2023-08-13"
"Legacy Agent","3954","58624353","2023-08-14"
"Legacy Scraper","5751","17393310","2023-08-14"
"Feed Ingestion System (FIS)","1812","155877524","2023-08-14"
"Search Engine Scraper","23","11804","2023-08-14"
"Legacy Monza Agent","2","7214574","2023-08-14"
"Legacy Agent","3950","58616084","2023-08-15"
"Legacy Scraper","5746","17373499","2023-08-15"
"Feed Ingestion System (FIS)","1811","156440087","2023-08-15"
"Search Engine Scraper","23","11800","2023-08-15"
"Legacy Monza Agent","2","6724363","2023-08-15"
"Legacy Agent","3949","58726123","2023-08-16"
"Legacy Scraper","5747","17519619","2023-08-16"
"Feed Ingestion System (FIS)","1811","156203259","2023-08-16"
"Search Engine Scraper","23","11803","2023-08-16"
"Legacy Monza Agent","2","6784985","2023-08-16"
"Legacy Agent","3944","58721758","2023-08-17"
"Legacy Scraper","5746","17517532","2023-08-17"
"Feed Ingestion System (FIS)","1817","156219743","2023-08-17"
"Search Engine Scraper","23","11803","2023-08-17"
"Legacy Monza Agent","2","6784985","2023-08-17"
"Legacy Agent","3944","59426591","2023-08-18"
"Legacy Scraper","5746","17575371","2023-08-18"
"Feed Ingestion System (FIS)","1818","149764748","2023-08-18"
"Search Engine Scraper","23","11850","2023-08-18"
"Legacy Monza Agent","2","6769732","2023-08-18"
"Legacy Agent","3946","59696456","2023-08-19"
"Legacy Scraper","5746","17388765","2023-08-19"
"Feed Ingestion System (FIS)","1815","151947713","2023-08-19"
"Search Engine Scraper","23","11839","2023-08-19"
"Legacy Monza Agent","2","6802185","2023-08-19"
"Legacy Agent","3946","59405290","2023-08-20"
"Legacy Scraper","5746","17236261","2023-08-20"
"Feed Ingestion System (FIS)","1815","152970740","2023-08-20"
"Search Engine Scraper","23","11783","2023-08-20"
"Legacy Monza Agent","2","6849476","2023-08-20"
"Legacy Agent","3946","59230134","2023-08-21"
"Legacy Scraper","5746","17081417","2023-08-21"
"Feed Ingestion System (FIS)","1815","153346961","2023-08-21"
"Search Engine Scraper","23","11772","2023-08-21"
"Legacy Monza Agent","2","6947125","2023-08-21"
"Legacy Agent","3942","58977632","2023-08-22"
"Legacy Scraper","5746","17090016","2023-08-22"
"Feed Ingestion System (FIS)","1819","154150296","2023-08-22"
"Search Engine Scraper","23","11775","2023-08-22"
"Legacy Monza Agent","2","6860939","2023-08-22"
"Legacy Agent","3941","59345575","2023-08-23"
"Legacy Scraper","5748","17519643","2023-08-23"
"Feed Ingestion System (FIS)","1818","148109875","2023-08-23"
"Search Engine Scraper","23","11813","2023-08-23"
"Legacy Monza Agent","2","7091750","2023-08-23"
"Legacy Agent","3942","59351648","2023-08-24"
"Legacy Scraper","5749","17647467","2023-08-24"
"Feed Ingestion System (FIS)","1818","148711574","2023-08-24"
"Search Engine Scraper","23","11798","2023-08-24"
"Legacy Monza Agent","2","7169400","2023-08-24"
"Legacy Agent","3938","59299290","2023-08-25"
"Legacy Scraper","5749","17475072","2023-08-25"
"Feed Ingestion System (FIS)","1819","149427240","2023-08-25"
"Search Engine Scraper","23","11790","2023-08-25"
"Legacy Monza Agent","2","7188076","2023-08-25"
"Legacy Agent","3938","59929366","2023-08-26"
"Legacy Scraper","5749","17506005","2023-08-26"
"Feed Ingestion System (FIS)","1819","150410335","2023-08-26"
"Search Engine Scraper","23","11770","2023-08-26"
"Legacy Monza Agent","2","7288710","2023-08-26"
"Legacy Agent","3938","60197200","2023-08-27"
"Legacy Scraper","5749","17573500","2023-08-27"
"Feed Ingestion System (FIS)","1819","153364713","2023-08-27"
"Search Engine Scraper","23","11761","2023-08-27"
"Legacy Monza Agent","2","7278947","2023-08-27"
"Legacy Agent","3938","59963473","2023-08-28"
"Legacy Scraper","5749","17626709","2023-08-28"
"Feed Ingestion System (FIS)","1819","154969054","2023-08-28"
"Search Engine Scraper","23","11751","2023-08-28"
"Legacy Monza Agent","2","7284610","2023-08-28"
"Legacy Agent","3933","60274126","2023-08-29"
"Legacy Scraper","5749","17556715","2023-08-29"
"Feed Ingestion System (FIS)","1822","156971694","2023-08-29"
"Search Engine Scraper","23","11762","2023-08-29"
"Legacy Monza Agent","2","7416945","2023-08-29"
"Legacy Agent","3932","60281970","2023-08-30"
"Legacy Scraper","5751","17624608","2023-08-30"
"Feed Ingestion System (FIS)","1822","150239119","2023-08-30"
"Search Engine Scraper","23","11735","2023-08-30"
"Legacy Monza Agent","2","7542602","2023-08-30"
"Legacy Agent","3934","60473715","2023-08-31"
"Legacy Scraper","5751","17608620","2023-08-31"
"Feed Ingestion System (FIS)","1821","150829102","2023-08-31"
"Search Engine Scraper","23","11733","2023-08-31"
"Legacy Monza Agent","2","7613238","2023-08-31"
"Feed Ingestion System (FIS)","1818","150932154","2023-09-01"
"Legacy Scraper","5754","17911803","2023-09-01"
"Legacy Agent","3930","60689503","2023-09-01"
"Search Engine Scraper","23","11756","2023-09-01"
"Legacy Monza Agent","2","7670478","2023-09-01"
"Feed Ingestion System (FIS)","1820","151701917","2023-09-02"
"Legacy Scraper","5754","18204174","2023-09-02"
"Legacy Agent","3933","60583429","2023-09-02"
"Search Engine Scraper","23","11749","2023-09-02"
"Legacy Monza Agent","2","7794988","2023-09-02"
"Feed Ingestion System (FIS)","1820","154189945","2023-09-03"
"Legacy Scraper","5754","18195663","2023-09-03"
"Legacy Agent","3934","60667194","2023-09-03"
"Search Engine Scraper","23","11751","2023-09-03"
"Legacy Monza Agent","2","7835844","2023-09-03"
"Feed Ingestion System (FIS)","1820","155250759","2023-09-04"
"Legacy Scraper","5754","18136846","2023-09-04"
"Legacy Agent","3934","60608478","2023-09-04"
"Search Engine Scraper","23","11762","2023-09-04"
"Legacy Monza Agent","2","7877765","2023-09-04"
"Feed Ingestion System (FIS)","1821","157081730","2023-09-05"
"Legacy Scraper","5753","18023965","2023-09-05"
"Legacy Agent","3929","60724820","2023-09-05"
"Search Engine Scraper","23","11750","2023-09-05"
"Legacy Monza Agent","2","7743737","2023-09-05"
"Feed Ingestion System (FIS)","1822","150794747","2023-09-06"
"Legacy Scraper","5752","18060395","2023-09-06"
"Legacy Agent","3928","60588534","2023-09-06"
"Search Engine Scraper","23","11767","2023-09-06"
"Legacy Monza Agent","2","7503078","2023-09-06"
"Feed Ingestion System (FIS)","1823","150957280","2023-09-07"
"Legacy Scraper","5752","17904673","2023-09-07"
"Legacy Agent","3926","60352829","2023-09-07"
"Search Engine Scraper","23","11761","2023-09-07"
"Legacy Monza Agent","2","7522810","2023-09-07"
"Feed Ingestion System (FIS)","1823","151111917","2023-09-08"
"Legacy Scraper","5753","17891611","2023-09-08"
"Legacy Agent","3925","60349676","2023-09-08"
"Search Engine Scraper","23","11758","2023-09-08"
"Legacy Monza Agent","2","7530208","2023-09-08"
"Feed Ingestion System (FIS)","1825","151815789","2023-09-09"
"Legacy Scraper","5752","17690977","2023-09-09"
"Legacy Agent","3926","60628049","2023-09-09"
"Search Engine Scraper","23","11793","2023-09-09"
"Legacy Monza Agent","2","7550508","2023-09-09"
"Feed Ingestion System (FIS)","1825","154311268","2023-09-10"
"Legacy Scraper","5752","17730183","2023-09-10"
"Legacy Agent","3926","60421952","2023-09-10"
"Search Engine Scraper","23","11795","2023-09-10"
"Legacy Monza Agent","2","7601757","2023-09-10"
"Feed Ingestion System (FIS)","1825","155753793","2023-09-11"
"Legacy Scraper","5752","17850497","2023-09-11"
"Legacy Agent","3926","60591621","2023-09-11"
"Search Engine Scraper","23","11794","2023-09-11"
"Legacy Monza Agent","2","7638791","2023-09-11"
"Feed Ingestion System (FIS)","1825","157561287","2023-09-12"
"Legacy Scraper","5751","17921167","2023-09-12"
"Legacy Agent","3925","60323012","2023-09-12"
"Search Engine Scraper","25","11947","2023-09-12"
"Legacy Monza Agent","2","7424529","2023-09-12"
"Feed Ingestion System (FIS)","1828","150486687","2023-09-13"
"Legacy Scraper","5750","17838514","2023-09-13"
"Legacy Agent","3923","60914645","2023-09-13"
"Search Engine Scraper","25","11930","2023-09-13"
"Legacy Monza Agent","2","7455311","2023-09-13"
"Feed Ingestion System (FIS)","1829","151084626","2023-09-14"
"Legacy Scraper","5750","17869297","2023-09-14"
"Legacy Agent","3923","60727594","2023-09-14"
"Search Engine Scraper","25","11924","2023-09-14"
"Legacy Monza Agent","2","7497984","2023-09-14"
"Feed Ingestion System (FIS)","1844","151970082","2023-09-15"
"Legacy Scraper","5750","17808234","2023-09-15"
"Legacy Agent","3905","60683877","2023-09-15"
"Search Engine Scraper","25","11943","2023-09-15"
"Legacy Monza Agent","2","7590646","2023-09-15"
"Feed Ingestion System (FIS)","1845","152992872","2023-09-16"
"Legacy Scraper","5750","17520022","2023-09-16"
"Legacy Agent","3904","59477280","2023-09-16"
"Search Engine Scraper","25","11970","2023-09-16"
"Legacy Monza Agent","2","7633829","2023-09-16"
"Feed Ingestion System (FIS)","1845","155401632","2023-09-17"
"Legacy Scraper","5750","17512001","2023-09-17"
"Legacy Agent","3904","59931957","2023-09-17"
"Search Engine Scraper","25","11971","2023-09-17"
"Legacy Monza Agent","2","7714506","2023-09-17"
"Feed Ingestion System (FIS)","1845","155932861","2023-09-18"
"Legacy Scraper","5750","17601694","2023-09-18"
"Legacy Agent","3904","60491701","2023-09-18"
"Search Engine Scraper","25","11647","2023-09-18"
"Legacy Monza Agent","2","7785846","2023-09-18"
"Feed Ingestion System (FIS)","1843","154233953","2023-09-19"
"Legacy Scraper","5751","17732634","2023-09-19"
"Legacy Agent","3904","61010174","2023-09-19"
"Search Engine Scraper","25","11654","2023-09-19"
"Legacy Monza Agent","2","8079255","2023-09-19"
"Feed Ingestion System (FIS)","1843","149167550","2023-09-20"
"Legacy Scraper","5746","17533466","2023-09-20"
"Legacy Agent","3896","60728141","2023-09-20"
"Search Engine Scraper","25","11668","2023-09-20"
"Legacy Monza Agent","2","8114714","2023-09-20"
"Feed Ingestion System (FIS)","1846","152611462","2023-09-21"
"Legacy Scraper","5746","17790999","2023-09-21"
"Legacy Agent","3892","60413926","2023-09-21"
"Search Engine Scraper","25","11670","2023-09-21"
"Legacy Monza Agent","2","8153369","2023-09-21"
"Feed Ingestion System (FIS)","1851","152256297","2023-09-22"
"Legacy Scraper","5747","17842528","2023-09-22"
"Legacy Agent","3886","60194277","2023-09-22"
"Search Engine Scraper","25","11686","2023-09-22"
"Legacy Monza Agent","2","8166064","2023-09-22"
"Feed Ingestion System (FIS)","1855","153072151","2023-09-23"
"Legacy Scraper","5746","17915489","2023-09-23"
"Legacy Agent","3883","60821030","2023-09-23"
"Search Engine Scraper","25","11692","2023-09-23"
"Legacy Monza Agent","2","8191080","2023-09-23"
"Feed Ingestion System (FIS)","1855","155967441","2023-09-24"
"Legacy Scraper","5746","17855606","2023-09-24"
"Legacy Agent","3883","60805803","2023-09-24"
"Search Engine Scraper","25","11696","2023-09-24"
"Legacy Monza Agent","2","8171084","2023-09-24"
"Feed Ingestion System (FIS)","1855","157028502","2023-09-25"
"Legacy Scraper","5746","17899694","2023-09-25"
"Legacy Agent","3883","60588336","2023-09-25"
"Search Engine Scraper","25","11682","2023-09-25"
"Legacy Monza Agent","2","8066794","2023-09-25"
"Feed Ingestion System (FIS)","1860","158496091","2023-09-26"
"Legacy Scraper","5745","17859109","2023-09-26"
"Legacy Agent","3877","60788736","2023-09-26"
"Search Engine Scraper","25","11661","2023-09-26"
"Legacy Monza Agent","2","7748738","2023-09-26"
"Feed Ingestion System (FIS)","1859","160995956","2023-09-27"
"Legacy Scraper","5744","18027516","2023-09-27"
"Legacy Agent","3874","60396519","2023-09-27"
"Search Engine Scraper","25","11732","2023-09-27"
"Legacy Monza Agent","2","7777369","2023-09-27"
"Feed Ingestion System (FIS)","1862","161337060","2023-09-28"
"Legacy Scraper","5743","17507548","2023-09-28"
"Legacy Agent","3871","59720873","2023-09-28"
"Search Engine Scraper","25","11805","2023-09-28"
"Legacy Monza Agent","2","7749644","2023-09-28"
"Feed Ingestion System (FIS)","1865","161213130","2023-09-29"
"Legacy Scraper","5743","17489038","2023-09-29"
"Legacy Agent","3868","60743307","2023-09-29"
"Search Engine Scraper","25","11818","2023-09-29"
"Legacy Monza Agent","2","7738679","2023-09-29"
"Feed Ingestion System (FIS)","1867","163165237","2023-09-30"
"Legacy Scraper","5741","17375744","2023-09-30"
"Legacy Agent","3866","60283697","2023-09-30"
"Search Engine Scraper","25","11836","2023-09-30"
"Legacy Monza Agent","2","7715195","2023-09-30"
"Feed Ingestion System (FIS)","1867","166862119","2023-10-01"
"Legacy Scraper","5741","17396630","2023-10-01"
"Legacy Agent","3866","59913904","2023-10-01"
"Search Engine Scraper","25","11839","2023-10-01"
"Legacy Monza Agent","2","7737093","2023-10-01"
"Feed Ingestion System (FIS)","1867","168823757","2023-10-02"
"Legacy Scraper","5741","17387807","2023-10-02"
"Legacy Agent","3866","60265499","2023-10-02"
"Search Engine Scraper","25","11825","2023-10-02"
"Legacy Monza Agent","2","7746010","2023-10-02"
"Feed Ingestion System (FIS)","1871","169420356","2023-10-03"
"Legacy Scraper","5742","17202328","2023-10-03"
"Legacy Agent","3861","60307041","2023-10-03"
"Search Engine Scraper","25","11781","2023-10-03"
"Legacy Monza Agent","2","7419075","2023-10-03"
"Feed Ingestion System (FIS)","1877","168566193","2023-10-04"
"Legacy Scraper","5742","17210816","2023-10-04"
"Legacy Agent","3853","60271146","2023-10-04"
"Search Engine Scraper","25","11857","2023-10-04"
"Legacy Monza Agent","2","7451042","2023-10-04"
"Feed Ingestion System (FIS)","1882","164515604","2023-10-05"
"Legacy Scraper","5742","17537889","2023-10-05"
"Legacy Agent","3845","59725943","2023-10-05"
"Search Engine Scraper","25","11895","2023-10-05"
"Legacy Monza Agent","2","7459298","2023-10-05"
"Feed Ingestion System (FIS)","1885","170984980","2023-10-06"
"Legacy Scraper","5741","17376441","2023-10-06"
"Legacy Agent","3838","59942312","2023-10-06"
"Search Engine Scraper","25","11916","2023-10-06"
"Legacy Monza Agent","1","1781934","2023-10-06"
"Feed Ingestion System (FIS)","1902","173463278","2023-10-07"
"Legacy Scraper","5741","17400813","2023-10-07"
"Legacy Agent","3834","60112577","2023-10-07"
"Legacy Monza Agent","1","1785756","2023-10-07"
"Search Engine Scraper","9","207","2023-10-07"
"Feed Ingestion System (FIS)","1903","175018005","2023-10-08"
"Legacy Scraper","5741","17531587","2023-10-08"
"Legacy Agent","3833","59804020","2023-10-08"
"Legacy Monza Agent","1","1759030","2023-10-08"
"Search Engine Scraper","9","207","2023-10-08"
"Feed Ingestion System (FIS)","1903","176734274","2023-10-09"
"Legacy Scraper","5741","17402236","2023-10-09"
"Legacy Agent","3833","60102576","2023-10-09"
"Legacy Monza Agent","1","1746588","2023-10-09"
"Search Engine Scraper","9","207","2023-10-09"
"Feed Ingestion System (FIS)","1912","176747059","2023-10-10"
"Legacy Scraper","5741","17491553","2023-10-10"
"Legacy Agent","3824","59761522","2023-10-10"
"Legacy Monza Agent","1","1719831","2023-10-10"
"Search Engine Scraper","9","207","2023-10-10"
"Feed Ingestion System (FIS)","1913","170210556","2023-10-11"
"Legacy Scraper","5740","17474536","2023-10-11"
"Legacy Agent","3823","59957485","2023-10-11"
"Legacy Monza Agent","1","1718324","2023-10-11"
"Search Engine Scraper","9","207","2023-10-11"
"Feed Ingestion System (FIS)","1915","170940295","2023-10-12"
"Legacy Scraper","5741","17680931","2023-10-12"
"Legacy Agent","3821","59994347","2023-10-12"
"Legacy Monza Agent","1","1766531","2023-10-12"
"Search Engine Scraper","9","207","2023-10-12"
"Feed Ingestion System (FIS)","1925","170774753","2023-10-13"
"Legacy Scraper","5741","17381606","2023-10-13"
"Legacy Agent","3810","59970928","2023-10-13"
"Legacy Monza Agent","1","1756416","2023-10-13"
"Search Engine Scraper","9","207","2023-10-13"
"Feed Ingestion System (FIS)","1971","173591806","2023-10-14"
"Legacy Scraper","5740","17408568","2023-10-14"
"Legacy Agent","3765","59956717","2023-10-14"
"Legacy Monza Agent","1","1761364","2023-10-14"
"Search Engine Scraper","9","207","2023-10-14"
"Feed Ingestion System (FIS)","1971","174830099","2023-10-15"
"Legacy Scraper","5740","17343950","2023-10-15"
"Legacy Agent","3765","59905528","2023-10-15"
"Legacy Monza Agent","1","1764684","2023-10-15"
"Search Engine Scraper","9","207","2023-10-15"
"Feed Ingestion System (FIS)","1971","176455557","2023-10-16"
"Legacy Scraper","5740","17455785","2023-10-16"
"Legacy Agent","3765","59601173","2023-10-16"
"Legacy Monza Agent","1","1759443","2023-10-16"
"Search Engine Scraper","9","207","2023-10-16"
"Feed Ingestion System (FIS)","2172","180102774","2023-10-17"
"Legacy Scraper","5740","17624041","2023-10-17"
"Legacy Agent","3562","56391405","2023-10-17"
"Legacy Monza Agent","1","1757935","2023-10-17"
"Search Engine Scraper","9","207","2023-10-17"
"Feed Ingestion System (FIS)","2267","178524037","2023-10-18"
"Legacy Scraper","5738","17403689","2023-10-18"
"Legacy Agent","3469","55232970","2023-10-18"
"Legacy Monza Agent","1","1759923","2023-10-18"
"Search Engine Scraper","9","207","2023-10-18"
"Feed Ingestion System (FIS)","2266","174601669","2023-10-19"
"Legacy Scraper","5738","17606961","2023-10-19"
"Legacy Agent","3468","55103244","2023-10-19"
"Legacy Monza Agent","1","1758269","2023-10-19"
"Search Engine Scraper","9","207","2023-10-19"
"Feed Ingestion System (FIS)","2266","174531503","2023-10-20"
"Legacy Scraper","5737","17590398","2023-10-20"
"Legacy Agent","3468","55469670","2023-10-20"
"Legacy Monza Agent","1","1759114","2023-10-20"
"Search Engine Scraper","9","207","2023-10-20"
"Feed Ingestion System (FIS)","2266","177449124","2023-10-21"
"Legacy Scraper","5735","17547234","2023-10-21"
"Legacy Agent","3464","55632941","2023-10-21"
"Legacy Monza Agent","1","1773408","2023-10-21"
"Search Engine Scraper","9","207","2023-10-21"
"Feed Ingestion System (FIS)","2265","179038419","2023-10-22"
"Legacy Scraper","5735","17647060","2023-10-22"
"Legacy Agent","3464","55412214","2023-10-22"
"Legacy Monza Agent","1","1769965","2023-10-22"
"Search Engine Scraper","10","240","2023-10-22"
"Feed Ingestion System (FIS)","2265","180592535","2023-10-23"
"Legacy Scraper","5735","17508569","2023-10-23"
"Legacy Agent","3464","55194137","2023-10-23"
"Legacy Monza Agent","1","1765178","2023-10-23"
"Search Engine Scraper","10","243","2023-10-23"
"Feed Ingestion System (FIS)","2269","181892589","2023-10-24"
"Legacy Scraper","5732","17422439","2023-10-24"
"Legacy Agent","3453","55355047","2023-10-24"
"Legacy Monza Agent","1","1766245","2023-10-24"
"Search Engine Scraper","10","231","2023-10-24"
"Feed Ingestion System (FIS)","2269","177203200","2023-10-25"
"Legacy Scraper","5732","17300539","2023-10-25"
"Legacy Agent","3453","55588924","2023-10-25"
"Legacy Monza Agent","1","1785422","2023-10-25"
"Search Engine Scraper","10","232","2023-10-25"
"Feed Ingestion System (FIS)","2269","175228835","2023-10-26"
"Legacy Scraper","5732","17319669","2023-10-26"
"Legacy Agent","3451","55272289","2023-10-26"
"Legacy Monza Agent","1","1794197","2023-10-26"
"Search Engine Scraper","10","232","2023-10-26"
"Feed Ingestion System (FIS)","2268","175094031","2023-10-27"
"Legacy Scraper","5731","17171352","2023-10-27"
"Legacy Agent","3448","55439106","2023-10-27"
"Legacy Monza Agent","1","1793297","2023-10-27"
"Search Engine Scraper","10","231","2023-10-27"
"Feed Ingestion System (FIS)","2266","177549451","2023-10-28"
"Legacy Scraper","5731","17102265","2023-10-28"
"Legacy Agent","3447","55346288","2023-10-28"
"Legacy Monza Agent","1","1790533","2023-10-28"
"Search Engine Scraper","10","226","2023-10-28"
"Feed Ingestion System (FIS)","2266","179293420","2023-10-29"
"Legacy Scraper","5731","17136898","2023-10-29"
"Legacy Agent","3448","55166304","2023-10-29"
"Legacy Monza Agent","1","1785486","2023-10-29"
"Search Engine Scraper","10","225","2023-10-29"
"Feed Ingestion System (FIS)","2266","180924860","2023-10-30"
"Legacy Scraper","5731","17119520","2023-10-30"
"Legacy Agent","3448","55633529","2023-10-30"
"Legacy Monza Agent","1","1780564","2023-10-30"
"Search Engine Scraper","10","240","2023-10-30"
"Feed Ingestion System (FIS)","2262","181789711","2023-10-31"
"Legacy Scraper","5731","17209921","2023-10-31"
"Legacy Agent","3449","54793983","2023-10-31"
"Legacy Monza Agent","1","1782399","2023-10-31"
"Search Engine Scraper","10","235","2023-10-31"
"Feed Ingestion System (FIS)","2267","174435490","2023-11-01"
"Legacy Scraper","5730","17148634","2023-11-01"
"Legacy Agent","3447","54704542","2023-11-01"
"Legacy Monza Agent","1","1794269","2023-11-01"
"Search Engine Scraper","10","243","2023-11-01"
"Feed Ingestion System (FIS)","2268","172757045","2023-11-02"
"Legacy Scraper","5727","17286931","2023-11-02"
"Legacy Agent","3439","55009564","2023-11-02"
"Legacy Monza Agent","1","1792826","2023-11-02"
"Search Engine Scraper","10","238","2023-11-02"
"Feed Ingestion System (FIS)","2269","174491225","2023-11-03"
"Legacy Scraper","5727","17230138","2023-11-03"
"Legacy Agent","3435","54835873","2023-11-03"
"Legacy Monza Agent","1","1782977","2023-11-03"
"Search Engine Scraper","10","243","2023-11-03"
"Feed Ingestion System (FIS)","2269","177152203","2023-11-04"
"Legacy Scraper","5727","17269617","2023-11-04"
"Legacy Agent","3435","55174083","2023-11-04"
"Legacy Monza Agent","1","1838983","2023-11-04"
"Search Engine Scraper","10","237","2023-11-04"
"Feed Ingestion System (FIS)","2269","178759065","2023-11-05"
"Legacy Scraper","5727","17184268","2023-11-05"
"Legacy Agent","3434","54747147","2023-11-05"
"Legacy Monza Agent","1","1833690","2023-11-05"
"Search Engine Scraper","10","239","2023-11-05"
"Feed Ingestion System (FIS)","2269","180357890","2023-11-06"
"Legacy Scraper","5727","17144133","2023-11-06"
"Legacy Agent","3434","54384540","2023-11-06"
"Legacy Monza Agent","1","1829047","2023-11-06"
"Search Engine Scraper","10","236","2023-11-06"
"Feed Ingestion System (FIS)","2268","181716968","2023-11-07"
"Legacy Scraper","5726","17293044","2023-11-07"
"Legacy Agent","3424","54763522","2023-11-07"
"Legacy Monza Agent","1","1807076","2023-11-07"
"Search Engine Scraper","10","236","2023-11-07"
"Feed Ingestion System (FIS)","2287","177773686","2023-11-08"
"Legacy Scraper","5725","17368684","2023-11-08"
"Legacy Agent","3404","54367697","2023-11-08"
"Legacy Monza Agent","1","1827842","2023-11-08"
"Search Engine Scraper","10","239","2023-11-08"
"Feed Ingestion System (FIS)","2288","174159795","2023-11-09"
"Legacy Scraper","5725","17115474","2023-11-09"
"Legacy Agent","3404","54548887","2023-11-09"
"Legacy Monza Agent","1","1832517","2023-11-09"
"Search Engine Scraper","10","242","2023-11-09"
"Feed Ingestion System (FIS)","2351","173890656","2023-11-10"
"Legacy Scraper","5725","17156168","2023-11-10"
"Legacy Agent","3340","54887619","2023-11-10"
"Legacy Monza Agent","1","1838436","2023-11-10"
"Search Engine Scraper","10","222","2023-11-10"
"Feed Ingestion System (FIS)","2367","178404080","2023-11-11"
"Legacy Scraper","5725","17259642","2023-11-11"
"Legacy Agent","3322","54285111","2023-11-11"
"Legacy Monza Agent","1","1842598","2023-11-11"
"Search Engine Scraper","10","222","2023-11-11"
"Feed Ingestion System (FIS)","2367","179690350","2023-11-12"
"Legacy Scraper","5725","17319451","2023-11-12"
"Legacy Agent","3322","54881897","2023-11-12"
"Legacy Monza Agent","1","1842598","2023-11-12"
"Search Engine Scraper","10","222","2023-11-12"
"Feed Ingestion System (FIS)","2367","181230177","2023-11-13"
"Legacy Scraper","5725","17140009","2023-11-13"
"Legacy Agent","3320","55192832","2023-11-13"
"Legacy Monza Agent","1","1842598","2023-11-13"
"Search Engine Scraper","10","222","2023-11-13"
"Feed Ingestion System (FIS)","2369","182388520","2023-11-14"
"Legacy Scraper","5724","17064620","2023-11-14"
"Legacy Agent","3316","55279426","2023-11-14"
"Legacy Monza Agent","1","1783049","2023-11-14"
"Search Engine Scraper","10","222","2023-11-14"
"Feed Ingestion System (FIS)","2410","177690130","2023-11-15"
"Legacy Scraper","5724","16935802","2023-11-15"
"Legacy Agent","3274","55080270","2023-11-15"
"Legacy Monza Agent","1","1788781","2023-11-15"
"Search Engine Scraper","10","222","2023-11-15"
"Feed Ingestion System (FIS)","2418","178187475","2023-11-16"
"Legacy Scraper","5721","16933692","2023-11-16"
"Legacy Agent","3266","54998305","2023-11-16"
"Legacy Monza Agent","1","1789313","2023-11-16"
"Search Engine Scraper","10","222","2023-11-16"
"Feed Ingestion System (FIS)","2436","177645854","2023-11-17"
"Legacy Scraper","5721","17041788","2023-11-17"
"Legacy Agent","3243","54344050","2023-11-17"
"Legacy Monza Agent","1","1772345","2023-11-17"
"Search Engine Scraper","10","222","2023-11-17"
"Feed Ingestion System (FIS)","2470","178113404","2023-11-18"
"Legacy Scraper","5721","17046958","2023-11-18"
"Legacy Agent","3209","54298278","2023-11-18"
"Legacy Monza Agent","1","1778551","2023-11-18"
"Search Engine Scraper","10","222","2023-11-18"
"Feed Ingestion System (FIS)","2470","179504557","2023-11-19"
"Legacy Scraper","5721","17090598","2023-11-19"
"Legacy Agent","3209","54740527","2023-11-19"
"Legacy Monza Agent","1","1777067","2023-11-19"
"Search Engine Scraper","10","222","2023-11-19"
"Feed Ingestion System (FIS)","2470","180909885","2023-11-20"
"Legacy Scraper","5720","17046534","2023-11-20"
"Legacy Agent","3209","54702320","2023-11-20"
"Legacy Monza Agent","1","1770515","2023-11-20"
"Search Engine Scraper","10","222","2023-11-20"
"Feed Ingestion System (FIS)","2498","182186346","2023-11-21"
"Legacy Scraper","5721","17178010","2023-11-21"
"Legacy Agent","3180","54453399","2023-11-21"
"Legacy Monza Agent","1","1770459","2023-11-21"
"Search Engine Scraper","10","222","2023-11-21"
"Feed Ingestion System (FIS)","2552","178720524","2023-11-22"
"Legacy Scraper","5720","16986291","2023-11-22"
"Legacy Agent","3126","53428577","2023-11-22"
"Legacy Monza Agent","1","1784754","2023-11-22"
"Search Engine Scraper","10","222","2023-11-22"
"Feed Ingestion System (FIS)","2608","176077651","2023-11-23"
"Legacy Scraper","5719","16806517","2023-11-23"
"Legacy Agent","3073","53253260","2023-11-23"
"Legacy Monza Agent","1","1851469","2023-11-23"
"Search Engine Scraper","10","222","2023-11-23"
"Feed Ingestion System (FIS)","2607","176212978","2023-11-24"
"Legacy Scraper","5721","12310565","2023-11-24"
"Legacy Agent","3071","53322443","2023-11-24"
"Legacy Monza Agent","1","1829767","2023-11-24"
"Search Engine Scraper","10","222","2023-11-24"
"Feed Ingestion System (FIS)","2609","179405699","2023-11-25"
"Legacy Scraper","5721","12113930","2023-11-25"
"Legacy Agent","3071","52841948","2023-11-25"
"Legacy Monza Agent","1","1773024","2023-11-25"
"Search Engine Scraper","10","222","2023-11-25"
"Feed Ingestion System (FIS)","2609","181130164","2023-11-26"
"Legacy Scraper","5721","12073293","2023-11-26"
"Legacy Agent","3071","52710046","2023-11-26"
"Legacy Monza Agent","1","1785937","2023-11-26"
"Search Engine Scraper","10","222","2023-11-26"
"Feed Ingestion System (FIS)","2609","182626684","2023-11-27"
"Legacy Scraper","5721","11994384","2023-11-27"
"Legacy Agent","3071","52672453","2023-11-27"
"Legacy Monza Agent","1","1732002","2023-11-27"
"Search Engine Scraper","10","222","2023-11-27"
"Feed Ingestion System (FIS)","2609","183506533","2023-11-28"
"Legacy Scraper","5722","11996328","2023-11-28"
"Legacy Agent","3071","52332269","2023-11-28"
"Legacy Monza Agent","1","1718310","2023-11-28"
"Search Engine Scraper","10","222","2023-11-28"
"Feed Ingestion System (FIS)","2633","179928367","2023-11-29"
"Legacy Scraper","5721","12041966","2023-11-29"
"Legacy Agent","3046","52114722","2023-11-29"
"Legacy Monza Agent","1","1717734","2023-11-29"
"Search Engine Scraper","10","222","2023-11-29"
"Feed Ingestion System (FIS)","2636","176575128","2023-11-30"
"Legacy Scraper","5720","12065069","2023-11-30"
"Legacy Agent","3044","52056796","2023-11-30"
"Legacy Monza Agent","1","1731144","2023-11-30"
"Search Engine Scraper","10","222","2023-11-30"
"Feed Ingestion System (FIS)","2635","176244552","2023-12-01"
"Legacy Scraper","5720","11969180","2023-12-01"
"Legacy Agent","3044","51947634","2023-12-01"
"Legacy Monza Agent","1","1760923","2023-12-01"
"Search Engine Scraper","10","222","2023-12-01"
"Feed Ingestion System (FIS)","2701","180925968","2023-12-02"
"Legacy Scraper","5719","12168516","2023-12-02"
"Legacy Agent","2976","50577315","2023-12-02"
"Legacy Monza Agent","1","1770537","2023-12-02"
"Search Engine Scraper","11","227","2023-12-02"
"Feed Ingestion System (FIS)","2701","182362738","2023-12-03"
"Legacy Scraper","5719","12123394","2023-12-03"
"Legacy Agent","2976","50582244","2023-12-03"
"Legacy Monza Agent","1","1790506","2023-12-03"
"Search Engine Scraper","11","226","2023-12-03"
"Feed Ingestion System (FIS)","2701","183584002","2023-12-04"
"Legacy Scraper","5719","12095455","2023-12-04"
"Legacy Agent","2976","50508651","2023-12-04"
"Legacy Monza Agent","1","1780090","2023-12-04"
"Search Engine Scraper","11","226","2023-12-04"
"Feed Ingestion System (FIS)","2701","184772599","2023-12-05"
"Legacy Scraper","5720","11933284","2023-12-05"
"Legacy Agent","2975","49224776","2023-12-05"
"Legacy Monza Agent","1","1997067","2023-12-05"
"Search Engine Scraper","11","227","2023-12-05"
"Feed Ingestion System (FIS)","2778","180641765","2023-12-06"
"Legacy Scraper","5720","12098618","2023-12-06"
"Legacy Agent","2899","49568491","2023-12-06"
"Legacy Monza Agent","1","2010084","2023-12-06"
"Search Engine Scraper","11","236","2023-12-06"
"Feed Ingestion System (FIS)","2783","179435420","2023-12-07"
"Legacy Scraper","5719","11963974","2023-12-07"
"Legacy Agent","2894","49550988","2023-12-07"
"Legacy Monza Agent","1","346474","2023-12-07"
"Search Engine Scraper","11","236","2023-12-07"
"Feed Ingestion System (FIS)","2782","179220288","2023-12-08"
"Legacy Scraper","5719","11942347","2023-12-08"
"Legacy Agent","2891","49333646","2023-12-08"
"Legacy Monza Agent","1","295347","2023-12-08"
"Search Engine Scraper","11","236","2023-12-08"
"Feed Ingestion System (FIS)","2784","182168101","2023-12-09"
"Legacy Scraper","5719","12087904","2023-12-09"
"Legacy Agent","2887","49845810","2023-12-09"
"Legacy Monza Agent","1","332433","2023-12-09"
"Search Engine Scraper","11","226","2023-12-09"
"Feed Ingestion System (FIS)","2784","182787087","2023-12-10"
"Legacy Scraper","5719","12133067","2023-12-10"
"Legacy Agent","2887","49788780","2023-12-10"
"Legacy Monza Agent","1","321988","2023-12-10"
"Search Engine Scraper","11","226","2023-12-10"
"Feed Ingestion System (FIS)","2784","185925422","2023-12-11"
"Legacy Scraper","5719","12052230","2023-12-11"
"Legacy Agent","2887","49849120","2023-12-11"
"Legacy Monza Agent","1","326083","2023-12-11"
"Search Engine Scraper","11","226","2023-12-11"
"Feed Ingestion System (FIS)","2904","187406181","2023-12-12"
"Legacy Scraper","5719","11996723","2023-12-12"
"Legacy Agent","2765","48388926","2023-12-12"
"Legacy Monza Agent","1","83890","2023-12-12"
"Search Engine Scraper","11","226","2023-12-12"
"Feed Ingestion System (FIS)","2923","187167206","2023-12-13"
"Legacy Scraper","5719","11961864","2023-12-13"
"Legacy Agent","2746","44942515","2023-12-13"
"Legacy Monza Agent","1","59663","2023-12-13"
"Search Engine Scraper","11","226","2023-12-13"
"Feed Ingestion System (FIS)","2921","179952692","2023-12-14"
"Legacy Scraper","5719","11999610","2023-12-14"
"Legacy Agent","2746","44631434","2023-12-14"
"Legacy Monza Agent","1","59397","2023-12-14"
"Search Engine Scraper","11","226","2023-12-14"
"Feed Ingestion System (FIS)","2921","179683170","2023-12-15"
"Legacy Scraper","5718","11988978","2023-12-15"
"Legacy Agent","2745","44927981","2023-12-15"
"Legacy Monza Agent","1","89612","2023-12-15"
"Search Engine Scraper","11","226","2023-12-15"
"Feed Ingestion System (FIS)","2916","183378345","2023-12-16"
"Legacy Scraper","5718","11959483","2023-12-16"
"Legacy Agent","2745","45056449","2023-12-16"
"Legacy Monza Agent","1","86878","2023-12-16"
"Search Engine Scraper","11","226","2023-12-16"
"Feed Ingestion System (FIS)","2916","184923358","2023-12-17"
"Legacy Scraper","5718","11989869","2023-12-17"
"Legacy Agent","2745","44327717","2023-12-17"
"Legacy Monza Agent","1","84924","2023-12-17"
"Search Engine Scraper","11","226","2023-12-17"
"Feed Ingestion System (FIS)","2916","186367898","2023-12-18"
"Legacy Scraper","5718","11852081","2023-12-18"
"Legacy Agent","2745","44989405","2023-12-18"
"Legacy Monza Agent","1","84937","2023-12-18"
"Search Engine Scraper","11","226","2023-12-18"
"Feed Ingestion System (FIS)","3009","188013065","2023-12-19"
"Legacy Scraper","5712","11857168","2023-12-19"
"Legacy Agent","2652","44233101","2023-12-19"
"Legacy Monza Agent","1","86023","2023-12-19"
"Search Engine Scraper","11","226","2023-12-19"
"Feed Ingestion System (FIS)","3082","186939413","2023-12-20"
"Legacy Scraper","5709","11803087","2023-12-20"
"Legacy Agent","2582","42041417","2023-12-20"
"Legacy Monza Agent","1","94895","2023-12-20"
"Search Engine Scraper","11","226","2023-12-20"
"Feed Ingestion System (FIS)","3090","185564178","2023-12-21"
"Legacy Scraper","5709","11909635","2023-12-21"
"Legacy Agent","2572","40967543","2023-12-21"
"Legacy Monza Agent","1","91622","2023-12-21"
"Search Engine Scraper","11","226","2023-12-21"
"Feed Ingestion System (FIS)","3144","184340610","2023-12-22"
"Legacy Scraper","5707","11703570","2023-12-22"
"Legacy Agent","2518","40451419","2023-12-22"
"Legacy Monza Agent","1","102673","2023-12-22"
"Search Engine Scraper","11","226","2023-12-22"
"Feed Ingestion System (FIS)","3145","187566174","2023-12-23"
"Legacy Scraper","5707","11801183","2023-12-23"
"Legacy Agent","2516","40443377","2023-12-23"
"Legacy Monza Agent","1","94922","2023-12-23"
"Search Engine Scraper","11","226","2023-12-23"
"Feed Ingestion System (FIS)","3145","189153661","2023-12-24"
"Legacy Scraper","5707","11763102","2023-12-24"
"Legacy Agent","2516","40304193","2023-12-24"
"Legacy Monza Agent","1","94921","2023-12-24"
"Search Engine Scraper","11","226","2023-12-24"
"Feed Ingestion System (FIS)","3145","190764562","2023-12-25"
"Legacy Scraper","5707","11848279","2023-12-25"
"Legacy Agent","2516","40412961","2023-12-25"
"Legacy Monza Agent","1","37091","2023-12-25"
"Search Engine Scraper","11","226","2023-12-25"
"Feed Ingestion System (FIS)","3144","191937808","2023-12-26"
"Legacy Scraper","5707","11608043","2023-12-26"
"Legacy Agent","2516","40279787","2023-12-26"
"Legacy Monza Agent","1","48721","2023-12-26"
"Search Engine Scraper","11","226","2023-12-26"
"Feed Ingestion System (FIS)","3143","185879398","2023-12-27"
"Legacy Scraper","5707","11611607","2023-12-27"
"Legacy Agent","2516","40204518","2023-12-27"
"Legacy Monza Agent","1","49561","2023-12-27"
"Search Engine Scraper","11","226","2023-12-27"
"Feed Ingestion System (FIS)","3178","184257856","2023-12-28"
"Legacy Scraper","5706","11515313","2023-12-28"
"Legacy Agent","2482","39530684","2023-12-28"
"Legacy Monza Agent","1","39173","2023-12-28"
"Search Engine Scraper","11","226","2023-12-28"
"Feed Ingestion System (FIS)","3173","183872415","2023-12-29"
"Legacy Scraper","5706","11778207","2023-12-29"
"Legacy Agent","2484","40018870","2023-12-29"
"Legacy Monza Agent","1","49528","2023-12-29"
"Search Engine Scraper","11","226","2023-12-29"
"Feed Ingestion System (FIS)","3171","187355532","2023-12-30"
"Legacy Scraper","5705","11878521","2023-12-30"
"Legacy Agent","2483","40127959","2023-12-30"
"Legacy Monza Agent","1","36907","2023-12-30"
"Search Engine Scraper","11","226","2023-12-30"
"Feed Ingestion System (FIS)","3171","188812792","2023-12-31"
"Legacy Scraper","5705","11825007","2023-12-31"
"Legacy Agent","2483","40011430","2023-12-31"
"Legacy Monza Agent","1","35729","2023-12-31"
"Search Engine Scraper","11","226","2023-12-31"
"Feed Ingestion System (FIS)","3171","190243481","2024-01-01"
"Legacy Scraper","5705","11737516","2024-01-01"
"Legacy Agent","2483","40108756","2024-01-01"
"Legacy Monza Agent","1","33934","2024-01-01"
"Search Engine Scraper","11","226","2024-01-01"
"Feed Ingestion System (FIS)","3170","191523834","2024-01-02"
"Legacy Scraper","5705","11744072","2024-01-02"
"Legacy Agent","2484","40060498","2024-01-02"
"Legacy Monza Agent","1","47279","2024-01-02"
"Search Engine Scraper","11","226","2024-01-02"
"Feed Ingestion System (FIS)","3168","187580713","2024-01-03"
"Legacy Scraper","5705","11757076","2024-01-03"
"Legacy Agent","2484","39984239","2024-01-03"
"Legacy Monza Agent","1","46566","2024-01-03"
"Search Engine Scraper","11","226","2024-01-03"
"Feed Ingestion System (FIS)","3168","184681009","2024-01-04"
"Legacy Scraper","5705","11738989","2024-01-04"
"Legacy Agent","2478","40045674","2024-01-04"
"Legacy Monza Agent","1","46875","2024-01-04"
"Search Engine Scraper","11","226","2024-01-04"
"Feed Ingestion System (FIS)","3168","183955076","2024-01-05"
"Legacy Scraper","5704","11750306","2024-01-05"
"Legacy Agent","2477","40122018","2024-01-05"
"Legacy Monza Agent","1","29356","2024-01-05"
"Search Engine Scraper","11","226","2024-01-05"
"Feed Ingestion System (FIS)","3169","187308774","2024-01-06"
"Legacy Scraper","5704","11684142","2024-01-06"
"Legacy Agent","2476","39747911","2024-01-06"
"Legacy Monza Agent","1","34275","2024-01-06"
"Search Engine Scraper","11","212","2024-01-06"
"Feed Ingestion System (FIS)","3169","188933499","2024-01-07"
"Legacy Scraper","5704","11654276","2024-01-07"
"Legacy Agent","2476","40002202","2024-01-07"
"Legacy Monza Agent","1","45110","2024-01-07"
"Search Engine Scraper","11","212","2024-01-07"
"Feed Ingestion System (FIS)","3169","190664648","2024-01-08"
"Legacy Scraper","5704","11672946","2024-01-08"
"Legacy Agent","2475","40073194","2024-01-08"
"Legacy Monza Agent","1","45397","2024-01-08"
"Search Engine Scraper","12","2762","2024-01-08"
"Feed Ingestion System (FIS)","3167","192226807","2024-01-09"
"Legacy Scraper","5699","11556257","2024-01-09"
"Legacy Agent","2477","40171131","2024-01-09"
"Legacy Monza Agent","1","34964","2024-01-09"
"Search Engine Scraper","12","2762","2024-01-09"
"Feed Ingestion System (FIS)","3167","190653273","2024-01-10"
"Legacy Scraper","5699","11739797","2024-01-10"
"Legacy Agent","2471","40161772","2024-01-10"
"Legacy Monza Agent","1","84096","2024-01-10"
"Search Engine Scraper","14","2771","2024-01-10"
"Feed Ingestion System (FIS)","3173","186408279","2024-01-11"
"Legacy Scraper","5697","11602244","2024-01-11"
"Legacy Agent","2464","39978454","2024-01-11"
"Legacy Monza Agent","1","86167","2024-01-11"
"Search Engine Scraper","14","2769","2024-01-11"
"Feed Ingestion System (FIS)","3186","186351883","2024-01-12"
"Legacy Scraper","5696","11587769","2024-01-12"
"Legacy Agent","2450","36834880","2024-01-12"
"Legacy Monza Agent","1","95924","2024-01-12"
"Search Engine Scraper","14","2769","2024-01-12"
"Feed Ingestion System (FIS)","3205","190686232","2024-01-13"
"Legacy Scraper","5696","11898027","2024-01-13"
"Legacy Agent","2429","36247604","2024-01-13"
"Legacy Monza Agent","1","123488","2024-01-13"
"Search Engine Scraper","14","2767","2024-01-13"
"Feed Ingestion System (FIS)","3205","192583626","2024-01-14"
"Legacy Scraper","5696","11988322","2024-01-14"
"Legacy Agent","2429","36214142","2024-01-14"
"Legacy Monza Agent","1","174274","2024-01-14"
"Search Engine Scraper","14","2767","2024-01-14"
"Feed Ingestion System (FIS)","3205","194285539","2024-01-15"
"Legacy Scraper","5696","11893744","2024-01-15"
"Legacy Agent","2429","36135262","2024-01-15"
"Legacy Monza Agent","1","176156","2024-01-15"
"Search Engine Scraper","14","2767","2024-01-15"
"Feed Ingestion System (FIS)","3200","196567470","2024-01-16"
"Legacy Scraper","5696","11765385","2024-01-16"
"Legacy Agent","2429","36290755","2024-01-16"
"Legacy Monza Agent","1","124735","2024-01-16"
"Search Engine Scraper","14","2769","2024-01-16"
"Feed Ingestion System (FIS)","3204","191385690","2024-01-17"
"Legacy Scraper","5695","11747699","2024-01-17"
"Legacy Agent","2424","36319807","2024-01-17"
"Legacy Monza Agent","1","126267","2024-01-17"
"Search Engine Scraper","14","2769","2024-01-17"
"Feed Ingestion System (FIS)","3202","188033994","2024-01-18"
"Legacy Scraper","5694","11930900","2024-01-18"
"Legacy Agent","2427","36414278","2024-01-18"
"Legacy Monza Agent","1","87753","2024-01-18"
"Search Engine Scraper","14","2769","2024-01-18"
"Feed Ingestion System (FIS)","3205","188442057","2024-01-19"
"Legacy Scraper","5693","11918286","2024-01-19"
"Legacy Agent","2425","36316277","2024-01-19"
"Legacy Monza Agent","1","92533","2024-01-19"
"Search Engine Scraper","14","2769","2024-01-19"
"Feed Ingestion System (FIS)","3204","190550652","2024-01-20"
"Legacy Scraper","5693","11872820","2024-01-20"
"Legacy Agent","2425","36312798","2024-01-20"
"Legacy Monza Agent","1","105856","2024-01-20"
"Search Engine Scraper","14","2769","2024-01-20"
"Feed Ingestion System (FIS)","3204","192681025","2024-01-21"
"Legacy Scraper","5693","11896761","2024-01-21"
"Legacy Agent","2425","36429047","2024-01-21"
"Legacy Monza Agent","1","100146","2024-01-21"
"Search Engine Scraper","14","2769","2024-01-21"
"Feed Ingestion System (FIS)","3204","193916678","2024-01-22"
"Legacy Scraper","5693","11901552","2024-01-22"
"Legacy Agent","2425","36373754","2024-01-22"
"Legacy Monza Agent","1","99157","2024-01-22"
"Search Engine Scraper","14","2769","2024-01-22"
"Feed Ingestion System (FIS)","3204","193846370","2024-01-23"
"Legacy Scraper","5693","11929471","2024-01-23"
"Legacy Agent","2424","36390389","2024-01-23"
"Legacy Monza Agent","1","100846","2024-01-23"
"Search Engine Scraper","14","2767","2024-01-23"
"Feed Ingestion System (FIS)","3357","191489180","2024-01-24"
"Legacy Scraper","5689","12034186","2024-01-24"
"Legacy Agent","2275","35465337","2024-01-24"
"Legacy Monza Agent","1","102224","2024-01-24"
"Search Engine Scraper","14","2769","2024-01-24"
"Feed Ingestion System (FIS)","3353","189546141","2024-01-25"
"Legacy Scraper","5688","11979874","2024-01-25"
"Legacy Agent","2278","35149192","2024-01-25"
"Legacy Monza Agent","1","107807","2024-01-25"
"Search Engine Scraper","14","2767","2024-01-25"
"Feed Ingestion System (FIS)","3356","189415956","2024-01-26"
"Legacy Scraper","5687","11832196","2024-01-26"
"Legacy Agent","2274","35245037","2024-01-26"
"Legacy Monza Agent","1","107425","2024-01-26"
"Search Engine Scraper","14","2767","2024-01-26"